﻿{
  "Unknown Location": {
    "starting": "Unknown Bait",
    "intuition": "Unknown Bait",
    "spectral day": "Unknown Bait",
    "spectral sunset": "Unknown Bait",
    "spectral night": "Unknown Bait",
    "Unknown Time": "Unknown Bait"
  },

  "Galadion Bay": {
    "starting": "Plump Worm",
    "intuition": "Krill",
    "spectral day": "Ragworm",
    "spectral sunset": "Plump Worm",
    "spectral night": "Krill",
    "Unknown Time": "Unknown Bait"
  },

  "The Southern Strait of Merlthor": {
    "starting": "Krill",
    "intuition": "Plumpworm",
    "spectral day": "Krill",
    "spectral sunset": "Ragworm",
    "spectral night": "Plumpworm",
    "Unknown Time": "Unknown Bait"
  },

  "The Northern Strait of Merlthor": {
    "starting": "Ragworm",
    "intuition": "Ragworm",
    "spectral day": "Plump Worm",
    "spectral sunset": "Ragworm",
    "spectral night": "Krill",
    "Unknown Time": "Unknown Bait"
  },

  "Rhotano Sea": {
    "starting": "Plump Worm",
    "intuition": "Krill",
    "spectral day": "Plump Worm",
    "spectral sunset": "Ragworm",
    "spectral night": "Krill",
    "Unknown Time": "Unknown Bait"
  },

  "The Cieldalaes": {
    "starting": "Ragworm",
    "intuition": "Krill",
    "spectral day": "Krill",
    "spectral sunset": "Plump Worm",
    "spectral night": "Krill",
    "Unknown Time": "Unknown Bait"
  },

  "The Bloodbrine Sea": {
    "starting": "Krill",
    "intuition": "Krill",
    "spectral day": "Ragworm",
    "spectral sunset": "Plump Worm",
    "spectral night": "Krill",
    "Unknown Time": "Unknown Bait"
  },

  "The Rothlyt Sound": {
    "starting": "Plump Worm",
    "intuition": "Ragworm",
    "spectral day": "Krill",
    "spectral sunset": "Krill",
    "spectral night": "Krill",
    "Unknown Time": "Unknown Bait"
  },

  "octopods": {
    "Galadion Bay": "Krill",
    "The Northern Strait of Merlthor": "Krill (Spectral Current Only)"
  },

  "sharks": {
    "Galadion Bay": "Plump Worm",
    "Rhotano Sea": "Plump Worm"
  },

  "jellyfish": {
    "The Southern Strait of Merlthor": "Ragworm",
    "Rhotano Sea night": "Krill (Spectral Current Only)"
  },

  "dragons": {

  },

  "balloons": {

  },


  "crabs": {
    "The Cieladales": "Krill",
    "The Northern Strait of Merlthor": "Krill / Ragworm (Spectral Current Only)",
    "The Bloodbrine Sea": "Ragworm"
  },


  "mantas": {

  },






  "special": {
    "Galadion Bay night": "Glowworm",
    "Rhotano Sea day": "Rat Tail",
    "The Northern Strait of Merlthor day": "Heavy Steel Jig",
    "The Southern Strait of Merlthor night": "Shrimp Cage Feeder"
  }
}
