﻿{
  "Unknown Location": {
    "normal": {
      "starting": "Unknown Bait",
      "intuition": "Unknown Bait"
    },
    "spectral": {
      "day": "Unknown Bait",
      "sunset": "Unknown Bait",
      "night": "Unknown Bait",
      "Unknown Time": "Unknown Bait"
    },
    "crabs": {
      "day": "Unknown Bait",
      "night": "Unknown Bait"
    }
  },

  "Galadion Bay": {
    "normal": {
      "starting": "Plump Worm",
      "intuition": "Krill"
    },
    "spectral": {
      "day": "Ragworm",
      "sunset": "Plump Worm",
      "night": "Krill",
      "Unknown Time": "Unknown Bait"
    },
    "special": {
      "night": "Glowworm"
    },
    "octopods": {
      "day": "Krill",
      "sunset": "Krill",
      "night": "Krill"
    },
    "sharks": {
      "day": "Plump Worm",
      "sunset": "Plump Worm",
      "night": "Plump Worm"
    }
  },

  "The Southern Strait of Merlthor": {
    "normal": {
      "starting": "Krill",
      "intuition": "Plumpworm"
    },
    "spectral": {
      "day": "Krill",
      "sunset": "Ragworm",
      "night": "Plumpworm",
      "Unknown Time": "Unknown Bait"
    },
    "jellyfish": {
      "day": "Ragworm",
      "sunset": "Ragworm",
      "night": "Ragworm"
    },
    "special": {
      "night": "Shrimp Cage Feeder"
    }
  },

  "The Northern Strait of Merlthor": {
    "normal": {
      "starting": "Ragworm",
      "intuition": "Ragworm"
    },
    "spectral": {
      "day": "Plump Worm",
      "sunset": "Ragworm",
      "night": "Krill",
      "Unknown Time": "Unknown Bait"
    },

    "octopods": {
      "day": "Krill (Spectral Current Only)",
      "sunset": "Krill (Spectral Current Only)",
      "night": "Krill (Spectral Current Only)"
    },
    "crabs": {
      "day": "Krill / Ragworm (Spectral Current Only)",
      "sunset": "Krill / Ragworm (Spectral Current Only)",
      "night": "Krill / Ragworm (Spectral Current Only)"
    },
    "special": {
      "day": "Heavy Steel Jig"
    }
  },

  "Rhotano Sea": {
    "normal": {
      "starting": "Plump Worm",
      "intuition": "Krill"
    },
    "spectral": {
      "day": "Plump Worm",
      "sunset": "Ragworm",
      "night": "Krill",
      "Unknown Time": "Unknown Bait"
    },
    "sharks": {
      "day": "Plump Worm",
      "sunset": "Plump Worm",
      "night": "Plump Worm"
    },
    "jellyfish": {
      "night": "Krill (Spectral Current Only)"
    },
    "special": {
      "day": "Rat Tail"
    }
  },

  "The Cieldalaes": {
    "normal": {
      "starting": "Ragworm",
      "intuition": "Krill"
    },
    "spectral": {
      "day": "Krill",
      "sunset": "Plump Worm",
      "night": "Krill",
      "Unknown Time": "Unknown Bait"
    },
    "crabs": {
      "day": "Krill",
      "sunset": "Krill",
      "night": "Krill"
    }
  },

  "The Bloodbrine Sea": {
    "normal": {
      "starting": "Krill",
      "intuition": "Krill"
    },
    "spectral": {
      "day": "Ragworm",
      "sunset": "Plump Worm",
      "night": "Krill",
      "Unknown Time": "Unknown Bait"
    },
    "crabs": {
      "day": "Ragworm",
      "sunset": "Ragworm",
      "night": "Ragworm"
    }
  },

  "The Rothlyt Sound": {
    "normal": {
      "starting": "Plump Worm",
      "intuition": "Ragworm"
    },
    "spectral": {
      "day": "Krill",
      "sunset": "Krill",
      "night": "Krill",
      "Unknown Time": "Unknown Bait"
    }
  }
}
