﻿{
  "Unknown Location": {
    "normal": {
      "starting": "Unknown Bait",
      "intuition": "Unknown Bait"
    },
    "spectral": {
      "Day": "Unknown Bait",
      "Sunset": "Unknown Bait",
      "Night": "Unknown Bait",
      "Unknown Time": "Unknown Bait"
    },
    "crabs": {
      "Day": "Unknown Bait",
      "Night": "Unknown Bait"
    }
  },

  "Galadion Bay": {
    "normal": {
      "starting": "Plump Worm",
      "intuition": "Krill"
    },
    "spectral": {
      "Day": "Ragworm",
      "Sunset": "Plump Worm",
      "Night": "Krill",
      "Unknown Time": "Unknown Bait"
    },
    "octopodes": {
      "Day": "Krill (Normal and Spectral Current)",
      "Sunset": "Krill (Normal and Spectral Current)",
      "Night": "Krill (Normal and Spectral Current)"
    },
    "sharks": {
      "Day": "Plump Worm (Normal and Spectral Current)",
      "Sunset": "Plump Worm (Normal and Spectral Current)",
      "Night": "Plump Worm (Normal and Spectral Current)"
    },
    "special": {
      "Night": "Glowworm"
    }
  },

  "The Southern Strait of Merlthor": {
    "normal": {
      "starting": "Krill",
      "intuition": "Plumpworm"
    },
    "spectral": {
      "Day": "Krill",
      "Sunset": "Ragworm",
      "Night": "Plumpworm",
      "Unknown Time": "Unknown Bait"
    },
    "jellyfish": {
      "Day": "Ragworm (Normal Current Only)",
      "Sunset": "Ragworm (Normal and Spectral Current)",
      "Night": "Ragworm (Normal Current Only)"
    },
    "dragons": {
      "Day": "Ragworm (Normal Current Only)",
      "Sunset": "Ragworm (Normal Current Only)",
      "Night": "Ragworm (Normal) / Mooch (Spectral Current)"
    },
    "special": {
      "Night": "Shrimp Cage Feeder"
    }
  },

  "The Northern Strait of Merlthor": {
    "normal": {
      "starting": "Ragworm",
      "intuition": "Ragworm"
    },
    "spectral": {
      "Day": "Plump Worm",
      "Sunset": "Ragworm",
      "Night": "Krill",
      "Unknown Time": "Unknown Bait"
    },
    "octopodes": {
      "Day": "Krill (Spectral Current Only)",
      "Sunset": "Krill (Spectral Current Only)",
      "Night": "Krill (Spectral Current Only)"
    },
    "dragons": {
      "Sunset": "Ragworm (Spectral Current Only)"
    },
    "crabs": {
      "Day": "Krill (Normal Current Only)",
      "Sunset": "Krill (Normal Current Only)",
      "Night": "Krill (Normal) / Ragworm (Spectral Current)"
    },
    "special": {
      "Day": "Heavy Steel Jig"
    }
  },

  "Rhotano Sea": {
    "normal": {
      "starting": "Plump Worm",
      "intuition": "Krill"
    },
    "spectral": {
      "Day": "Plump Worm",
      "Sunset": "Ragworm",
      "Night": "Krill",
      "Unknown Time": "Unknown Bait"
    },
    "sharks": {
      "Day": "Plump Worm (Normal and Spectral Current)",
      "Sunset": "Plump Worm (Normal Current Only)",
      "Night": "Plump Worm (Normal Current Only)"
    },
    "jellyfish": {
      "Night": "Krill (Spectral Current Only)"
    },
    "balloons": {
      "Day": "Ragworm (Normal and Spectral Current)",
      "Sunset": "Ragworm (Normal and Spectral Current)",
      "Night": "Ragworm (Normal and Spectral Current)"
    },
    "special": {
      "Sunset": "Rat Tail"
    }
  },

  "The Cieldalaes": {
    "normal": {
      "starting": "Ragworm",
      "intuition": "Krill"
    },
    "spectral": {
      "Day": "Krill",
      "Sunset": "Plump Worm",
      "Night": "Krill"
    },
    "balloons": {
      "Day": "Ragworm (Normal and Spectral Current)",
      "Sunset": "Ragworm (Normal and Spectral Current)",
      "Night": "Ragworm (Normal and Spectral Current)"
    },
    "crabs": {
      "Day": "Krill (Normal and Spectral Current)",
      "Sunset": "Krill (Normal and Spectral Current)",
      "Night": "Krill (Normal and Spectral Current)"
    },
    "mantas": {
      "Day": "Plump Worm (Normal and Spectral Current)",
      "Sunset": "Plump Worm (Normal and Spectral Current)",
      "Night": "Plump Worm (Normal and Spectral Current)"
    },
    "special": {
      "Night": "Squid Strip"
    }
  },

  "The Bloodbrine Sea": {
    "normal": {
      "starting": "Krill",
      "intuition": "Krill"
    },
    "spectral": {
      "Day": "Ragworm",
      "Sunset": "Plump Worm",
      "Night": "Krill",
      "Unknown Time": "Unknown Bait"
    },
    "crabs": {
      "Day": "Ragworm (Normal and Spectral Current)",
      "Sunset": "Ragworm (Normal Current Only)",
      "Night": "Ragworm (Normal Current Only)"
    },
    "mantas": {
      "Night": "Krill (Spectral Current Only)"
    },
    "sharks": {
      "Day": "Plump Worm (Spectral Current Only)",
      "Sunset": "Plump Worm (Spectral Current Only)",
      "Night": "Plump Worm (Spectral Current Only)"
    },
    "special": {
      "Day": "Pill Bug"
    }
  },

  "The Rothlyt Sound": {
    "normal": {
      "starting": "Plump Worm",
      "intuition": "Ragworm"
    },
    "spectral": {
      "Day": "Krill",
      "Sunset": "Krill",
      "Night": "Krill",
      "Unknown Time": "Unknown Bait"
    },
    "balloons": {
      "Day": "Ragworm (Normal) / Ragworm or Krill (Spectral Current)",
      "Sunset": "Ragworm (Normal Current Only)",
      "Night": "Ragworm (Normal) / Ragworm or Krill (Spectral Current)"
    },
    "mantas": {
      "Day": "Plump Worm (Spectral Current Only)"
    },
    "special": {
      "Sunset": "Ragworm into Mooch Rothlyt Mussel"
    }
  }
}
